Product Name,Price
Attractive Car Speakers,380?
 Bluetooth Speakers,382? 
 Bluetooth Speakers,270? 
Classic Car Speakers,383? 
 Bluetooth Speakers,238? 
 Bluetooth Speakers,300? 
 Bluetooth Speakers,401? 
Bluetooth Speakers,168? 
 Bluetooth Speakers,386? 
 Multimedia Speaker Systems,409? 
Bluetooth Speakers,277? 
 Bluetooth Speakers,279? 
 Bluetooth Speakers,295?
Trendy Bluetooth Speakers,175? 
 Smart Speakers,379? 
 Bluetooth Speakers,432? 
 Bluetooth Speakers,372? 
 Bluetooth Speakers,857? 
 Bluetooth Speakers,389? 
 Bluetooth Speakers,325? 
